{"cameraMode":{"drawMode":0,"name":"Shaded","section":"Shading Mode"},"sceneLighting":false,"audioPlay":false,"sceneViewState":{"m_AlwaysRefresh":false,"showFog":true,"showSkybox":false,"showFlares":true,"showImageEffects":true,"showParticleSystems":true,"showVisualEffectGraphs":true,"m_FxEnabled":true},"in2DMode":false,"pivot":{"x":0.21977460384368897,"y":2.338974952697754,"z":0.009340554475784302},"rotation":{"x":0.022800864651799203,"y":0.9772078394889832,"z":-0.1540439873933792,"w":0.14642515778541566},"size":1.7660255432128907,"orthographic":false}