{"cameraMode":{"drawMode":0,"name":"Shaded","section":"Shading Mode"},"sceneLighting":false,"audioPlay":false,"sceneViewState":{"m_AlwaysRefresh":false,"showFog":true,"showSkybox":false,"showFlares":true,"showImageEffects":true,"showParticleSystems":true,"showVisualEffectGraphs":true,"m_FxEnabled":true},"in2DMode":false,"pivot":{"x":-1.0026164054870606,"y":0.44999995827674868,"z":4.329999923706055},"rotation":{"x":0.2076273113489151,"y":0.31064894795417788,"z":-0.06976385414600373,"w":0.9250171780586243},"size":1.6348469257354737,"orthographic":false}