{"cameraMode":{"drawMode":0,"name":"Shaded","section":"Shading Mode"},"sceneLighting":false,"audioPlay":false,"sceneViewState":{"m_AlwaysRefresh":false,"showFog":true,"showSkybox":false,"showFlares":true,"showImageEffects":true,"showParticleSystems":true,"showVisualEffectGraphs":true,"m_FxEnabled":true},"in2DMode":false,"pivot":{"x":0.001889161765575409,"y":-0.00873173214495182,"z":-0.0069190021604299549},"rotation":{"x":0.1964120715856552,"y":0.6406062841415405,"z":-0.17446939647197724,"w":0.7216410636901856},"size":0.355535089969635,"orthographic":false}