{"cameraMode":{"drawMode":0,"name":"Shaded","section":"Shading Mode"},"sceneLighting":false,"audioPlay":false,"sceneViewState":{"m_AlwaysRefresh":false,"showFog":true,"showSkybox":false,"showFlares":true,"showImageEffects":true,"showParticleSystems":true,"showVisualEffectGraphs":true,"m_FxEnabled":true},"in2DMode":false,"pivot":{"x":0.00044161081314086914,"y":0.4212301969528198,"z":0.022263195365667344},"rotation":{"x":0.0028153439052402975,"y":0.9829599857330322,"z":-0.1837572157382965,"w":0.015027492307126522},"size":0.2907620072364807,"orthographic":false}